Gender,Location,Age,Qualification,field   ,Purpose,What are you?,Blood group , sim,Prepaid or Postpaid,Which PC are you using?,Do you wear glasses?,When did you write your first line of code?,Your favorite programming language?,Marital Status?,Are you Vaccinated?,Where do you live?,Research/Working experience,Age (years),Your Weight in kg,Height in cm Freelancer- (Float,working hours,Light kitni der band hti hy? int
Male,Pakistan,36-40,Masters,Natural Sciences,to boost my skill set,Unemplyed,B+,U-fone,Prepaid,Apna Laptop,No,>3 years ago,Python,Yes,Yes,Urbun,5,38,77,179,3,2
Male,Pakistan,26-30,Bachelors,CS/IT,to boost my skill set,Student,B+,U-fone,Prepaid,Apna Laptop,No,>3 years ago,Python,No,Yes,Urbun,1,25,54,178,2,6
Male,Pakistan,31-35,Masters,Enginnering,Switch my field of study,Employed,B+,Zong,Prepaid,Apna Laptop,Yes,>3 years ago,Python,Yes,Yes,Urbun,6,31,93,173,2,0
Female,Pakistan,31-35,Masters,CS/IT,to boost my skill set,Employed,O+,U-fone,Postpaid,Apna Laptop,No,<3 years ago,Python,Yes,Yes,Urbun,5,33,60,157,3,24
Female,Pakistan,26-30,Masters,Enginnering,to boost my skill set,Student,A-,Mobilink,Prepaid,Apna Laptop,Yes,In this chilla,Javascript,No,Yes,Rural,4,27,60,165,6,12
Male,Pakistan,36-40,Masters,Others,Switch my field of study,Employed,B+,Mobilink,Prepaid,Apna Laptop,Yes,<3 years ago,Javascript,Yes,Yes,Urbun,15,36,99,178,1,0
Male,Pakistan,21-25,Masters,Enginnering,to boost my skill set,Student,O+,Mobilink,Prepaid,Kisi ka laptop,Yes,In this chilla,Python,No,No,Urbun,0,0,58,180,1,2
Male,West,26-30,Bachelors,CS/IT,to boost my skill set,Student,AB+,International,Prepaid,Apna Laptop,No,>3 years ago,Python,Yes,Yes,Urbun,4,27,100,187,3,0
Male,Pakistan,21-25,Bachelors,CS/IT,to boost my skill set,Unemplyed,O+,Zong,Prepaid,Apna Laptop,No,>3 years ago,Python,No,Yes,Rural,1,22,77,175,3,0
Male,West,21-25,Bachelors,Natural Sciences,to boost my skill set,Student,B+,Mobilink,Prepaid,Apna Laptop,No,<3 years ago,Python,No,No,Urbun,1,24,84,183,3,0
Male,East,21-25,PhD,Natural Sciences,to boost my skill set,Student,A+,International,Prepaid,Apna Laptop,No,In this chilla,Python,No,Yes,Urbun,3,25,78,165,5,0
Male,Pakistan,26-30,Masters,CS/IT,to boost my skill set,Unemplyed,B+,Telenor,Prepaid,Apna Laptop,No,>3 years ago,Python,No,Yes,Urbun,2,27,50,163,1,0
Female,West,26-30,Masters,Others,Switch my field of study,Student,A+,International,Prepaid,Apna Laptop,No,<3 years ago,Python,No,Yes,Urbun,3,28,64,159,S,0
Male,Pakistan,21-25,Pre-Bachelors,Enginnering,to boost my skill set,Student,O+,Mobilink,Prepaid,Apna Laptop,No,<3 years ago,Python,No,Yes,Urbun,1,22,63,178,1,1
Male,Pakistan,21-25,Bachelors,CS/IT,to boost my skill set,Employed,A+,U-fone,Prepaid,Apna Laptop,No,>3 years ago,Python,No,Yes,Urbun,2,24,88,185,4,2
Male,East,21-25,Masters,Biology,to boost my skill set,Student,O+,International,Postpaid,Apna Laptop,Yes,In this chilla,Python,No,Yes,Urbun,3,25,65,180,2,0
Male,Pakistan,31-35,Masters,CS/IT,to boost my skill set,Employed,B+,Zong,Postpaid,Apna Laptop,No,>3 years ago,Python,Yes,Yes,Urbun,2,33,76,174,1,0
Male,Pakistan,31-35,Bachelors,Enginnering,to boost my skill set,Employed,O+,Mobilink,Prepaid,Apna Laptop,Yes,>3 years ago,C++,No,Yes,Urbun,6,33,72,164,4,0
Male,East,26-30,PhD,Enginnering,to boost my skill set,Employed,AB+,International,Prepaid,Apna Laptop,No,In this chilla,Python,No,Yes,Urbun,1,30,75,174,2,0
Male,Pakistan,21-25,Bachelors,Enginnering,to boost my skill set,Unemplyed,B+,Zong,Prepaid,Apna Laptop,Yes,In this chilla,Python,No,Yes,Urbun,0,25,130,173,4,5
Male,Pakistan,31-35,Masters,Enginnering,to boost my skill set,Employed,O+,Mobilink,Prepaid,Apna Laptop,No,<3 years ago,Python,Yes,Yes,Rural,3,31,73,170,3,3
Male,Pakistan,31-35,PhD,Enginnering,to boost my skill set,Employed,O+,Zong,Postpaid,Apna Laptop,No,In this chilla,Python,Yes,Yes,Urbun,2,33,70,168,3,8
Male,Pakistan,21-25,Pre-Bachelors,Enginnering,Switch my field of study,Student,O+,Zong,Prepaid,Apna Laptop,No,<3 years ago,Python,No,Yes,Urbun,0,21,55,183,1,1
Female,West,21-25,Bachelors,Biology,Switch my field of study,Student,AB+,International,Prepaid,Apna Laptop,Yes,In this chilla,Python,No,Yes,Urbun,2,25,69,174,3,0
Male,East,26-30,PhD,Others,to boost my skill set,Student,AB+,International,Postpaid,Apna Laptop,No,<3 years ago,Python,No,Yes,Urbun,5,30,66,175,3,1
Male,Pakistan,21-25,Bachelors,Enginnering,Switch my field of study,Student,B+,Zong,Prepaid,Apna Laptop,No,>3 years ago,Python,No,Yes,Rural,0,24,84,173,3,2
Male,Pakistan,26-30,PhD,Biology,to boost my skill set,Student,B+,Zong,Prepaid,Apna Laptop,No,In this chilla,Python,No,Yes,Rural,9,30,60,165,3,9
Male,Pakistan,21-25,Bachelors,Enginnering,Switch my field of study,Employed,O+,U-fone,Prepaid,Apna Laptop,No,<3 years ago,Python,No,Yes,Urbun,3,25,70,163,5,0
Male,Pakistan,31-35,Bachelors,CS/IT,to boost my skill set,Employed,B+,Mobilink,Postpaid,Apna Laptop,No,>3 years ago,Python,Yes,Yes,Urbun,4,33,72,177,1,0
Male,East,31-35,PhD,Biology,Switch my field of study,Employed,O+,International,Prepaid,Apna Laptop,No,In this chilla,Python,No,Yes,Urbun,8,33,98,177,5,1
Male,East,26-30,PhD,Enginnering,to boost my skill set,Employed,AB+,International,Prepaid,Apna Laptop,No,In this chilla,Python,No,Yes,Urbun,6,30,85,178,4,0
Male,Pakistan,26-30,Bachelors,Business/Economics,to boost my skill set,Unemplyed,B+,Telenor,Prepaid,Kisi ka laptop,No,In this chilla,Python,No,Yes,Rural,1,26,56,164,3,4
Female,Pakistan,26-30,Masters,Natural Sciences,to boost my skill set,Student,B+,Mobilink,Prepaid,Apna Laptop,Yes,In this chilla,Python,No,Yes,Urbun,4,27,60,160,3,2
Male,West,31-35,PhD,Enginnering,to boost my skill set,Student,B-,International,Postpaid,Apna Laptop,Yes,<3 years ago,Python,Yes,Yes,Urbun,2,31,80,176,3,0
Male,Pakistan,26-30,Bachelors,Enginnering,Switch my field of study,Student,A-,Telenor,Prepaid,Apna Laptop,No,<3 years ago,Python,No,No,Urbun,0,29,78,179,4,4
Male,Pakistan,21-25,Pre-Bachelors,CS/IT,to boost my skill set,Student,A+,Zong,Prepaid,Apna Laptop,No,<3 years ago,Python,No,Yes,Rural,0,21,53,164,1,0
Male,Pakistan,21-25,Masters,Mathematics,Abhi tak pata nahi,Employed,A-,Telenor,Prepaid,Kisi ka laptop,No,<3 years ago,C++,No,Yes,Rural,0,23,67,155,2,1
Male,Pakistan,21-25,Bachelors,Enginnering,Switch my field of study,Unemplyed,AB+,U-fone,Prepaid,Apna Laptop,No,<3 years ago,Python,No,Yes,Urbun,0,24,94,178,2,2
Male,West,26-30,Masters,Biology,to boost my skill set,Student,B+,International,Prepaid,Apna Laptop,No,<3 years ago,R,No,Yes,Urbun,5,28,68,175,3,0
Male,Pakistan,26-30,Masters,Software Eng.,to boost my skill set,Employed,O+,Mobilink,Prepaid,Apna Laptop,No,>3 years ago,Python,No,Yes,Urbun,3,26,96,172,6,2
Male,Pakistan,31-35,Bachelors,Enginnering,Switch my field of study,Employed,B+,U-fone,Prepaid,Apna Laptop,No,<3 years ago,Python,Yes,Yes,Urbun,0,31,64,160,1,0
Male,Pakistan,31-35,Masters,CS/IT,to boost my skill set,Employed,O+,Mobilink,Postpaid,Apna Laptop,No,>3 years ago,Python,Yes,Yes,Rural,14,31,75,165,3,1
Male,Pakistan,31-35,Masters,Enginnering,to boost my skill set,Employed,A+,Mobilink,Postpaid,Apna Laptop,No,>3 years ago,Python,Yes,Yes,Urbun,4,33,84,183,3,2
Male,Pakistan,21-25,Pre-Bachelors,CS/IT,to boost my skill set,Student,A+,Zong,Prepaid,Desktop,No,<3 years ago,Python,No,Yes,Urbun,0,20,75,169,2,0
Female,Pakistan,26-30,Masters,Enginnering,to boost my skill set,Unemplyed,B+,U-fone,Prepaid,Apna Laptop,Yes,<3 years ago,Python,No,Yes,Urbun,2,26,47,163,2,0
Male,West,31-35,Masters,Mathematics,to boost my skill set,Employed,B+,International,Postpaid,Apna Laptop,No,>3 years ago,Python,Yes,Yes,Urbun,4,32,73,173,2,0
Female,Pakistan,26-30,Masters,Software Eng.,to boost my skill set,Employed,O+,Mobilink,Prepaid,Apna Laptop,No,>3 years ago,Others,No,Yes,Urbun,7,28,50,170,4,4
Male,West,31-35,Bachelors,Enginnering,Awen,Employed,A+,International,Postpaid,Apna Laptop,No,In this chilla,Python,Yes,Yes,Urbun,9,34,88,182,4,0
Male,Pakistan,26-30,Masters,Software Eng.,to boost my skill set,Unemplyed,O+,Zong,Prepaid,Apna Laptop,No,In this chilla,Others,Yes,Yes,Urbun,0,29,63,180,2,8
Male,Pakistan,26-30,Masters,Enginnering,to boost my skill set,Employed,B+,Mobilink,Prepaid,Apna Laptop,No,>3 years ago,C++,No,Yes,Urbun,2,27,89,172,3,0
Male,Pakistan,16-20,Pre-Bachelors,Others,to boost my skill set,Student,B+,Zong,Prepaid,Kisi ka laptop,Yes,In this chilla,Python,Yes,Yes,Urbun,0,18,52,174,2,2
Female,Pakistan,26-30,Bachelors,CS/IT,to boost my skill set,Unemplyed,B+,Mobilink,Prepaid,Kisi ka laptop,No,>3 years ago,C++,Yes,Yes,Urbun,0,28,50,165,1,5
Male,East,26-30,Bachelors,Software Eng.,to boost my skill set,Employed,B+,International,Prepaid,Apna Laptop,No,>3 years ago,Python,No,Yes,Urbun,3,26,71,172,1,0
Male,Pakistan,21-25,Masters,Enginnering,Switch my field of study,Employed,A+,Mobilink,Prepaid,Apna Laptop,No,>3 years ago,Others,No,Yes,Rural,3,25,60,178,1,0
Male,Pakistan,36-40,Masters,Natural Sciences,to boost my skill set,Employed,A+,U-fone,Prepaid,Apna Laptop,No,>3 years ago,Python,Yes,Yes,Urbun,12,36,101,181,2,2
Male,Pakistan,36-40,Masters,Business/Economics,Switch my field of study,Student,B-,Mobilink,Prepaid,Apna Laptop,No,<3 years ago,Python,No,Yes,Urbun,5,38,94,178,4,1
Male,Pakistan,31-35,Masters,Natural Sciences,to boost my skill set,Employed,A+,Zong,Prepaid,Apna Laptop,No,<3 years ago,SQL,Yes,Yes,Urbun,10,35,89,170,1,1
Female,West,31-35,Masters,Enginnering,to boost my skill set,Student,B+,International,Prepaid,Apna Laptop,Yes,<3 years ago,Python,Yes,Yes,Urbun,6,32,60,156,1,0
Male,Pakistan,31-35,Masters,CS/IT,Switch my field of study,Employed,A+,U-fone,Postpaid,Apna Laptop,No,<3 years ago,Python,Yes,Yes,Urbun,5,32,70,170,4,2
Male,Pakistan,26-30,Masters,Enginnering,to boost my skill set,Employed,B+,U-fone,Postpaid,Apna Laptop,No,<3 years ago,Python,No,Yes,Urbun,2,26,65,175,3,2
Male,Pakistan,21-25,Pre-Bachelors,CS/IT,to boost my skill set,Student,O+,Mobilink,Prepaid,Apna Laptop,No,>3 years ago,Python,No,Yes,Rural,0,21,64,173,3,8
Male,Pakistan,31-35,PhD,Enginnering,to boost my skill set,Employed,O+,U-fone,Prepaid,Apna Laptop,Yes,>3 years ago,Python,Yes,Yes,Urbun,5,33,82,175,2,2
Male,Pakistan,21-25,Bachelors,Enginnering,Awen,Employed,B+,Mobilink,Prepaid,Apna Laptop,Yes,In this chilla,Python,Yes,Yes,Urbun,4,25,106,172,4,0
Male,Pakistan,26-30,Masters,Enginnering,to boost my skill set,Employed,A+,Mobilink,Postpaid,Apna Laptop,Yes,<3 years ago,Python,No,Yes,Urbun,3,27,86,165,4,4
Male,Pakistan,26-30,Bachelors,Enginnering,Switch my field of study,Unemplyed,B+,U-fone,Prepaid,Apna Laptop,Yes,>3 years ago,Python,No,Yes,Urbun,2,26,89,157,3,1
Female,Pakistan,26-30,PhD,CS/IT,to boost my skill set,Employed,B+,U-fone,Prepaid,Apna Laptop,No,<3 years ago,Python,Yes,Yes,Urbun,4,30,80,172,2,16
Male,Pakistan,26-30,Masters,Software Eng.,to boost my skill set,Employed,A+,Mobilink,Prepaid,Apna Laptop,No,>3 years ago,Python,Yes,Yes,Urbun,5,28,100,169,9,3
Male,Pakistan,16-20,Pre-Bachelors,CS/IT,to boost my skill set,Student,O+,Mobilink,Prepaid,Apna Laptop,No,<3 years ago,Python,No,Yes,Urbun,1,19,52,171,4,0
Male,Pakistan,26-30,Masters,Enginnering,to boost my skill set,Employed,O+,Telenor,Prepaid,Apna Laptop,Yes,>3 years ago,Python,Yes,Yes,Urbun,3,29,75,172,3,0
Male,Pakistan,21-25,Pre-Bachelors,CS/IT,to boost my skill set,Student,AB+,Mobilink,Prepaid,Apna Laptop,No,<3 years ago,Python,No,Yes,Rural,0,21,50,173,2,2
Female,Pakistan,31-35,Masters,Others,Switch my field of study,Employed,B+,Telenor,Prepaid,Apna Laptop,No,>3 years ago,Python,No,Yes,Urbun,8,33,98,158,1,1
Male,Pakistan,31-35,Masters,Natural Sciences,to boost my skill set,Employed,B+,U-fone,Prepaid,Apna Laptop,No,>3 years ago,Python,Yes,Yes,Urbun,7,35,76,171,2,0
Female,Pakistan,36-40,Bachelors,CS/IT,to boost my skill set,Unemplyed,O+,U-fone,Postpaid,Apna Laptop,Yes,>3 years ago,Python,Yes,Yes,Urbun,0,39,71,160,1,0
Male,Pakistan,26-30,Masters,Biology,to boost my skill set,Student,B+,U-fone,Prepaid,Apna Laptop,Yes,In this chilla,Python,No,Yes,Urbun,4,28,79,176,3,0
Male,Pakistan,26-30,Bachelors,Enginnering,to boost my skill set,Employed,B+,Zong,Prepaid,Apna Laptop,No,>3 years ago,Python,No,Yes,Urbun,3,29,88,178,3,2
Male,Pakistan,31-35,Masters,Natural Sciences,to boost my skill set,Employed,O-,U-fone,Prepaid,Apna Laptop,No,In this chilla,Python,Yes,Yes,Urbun,10,32,70,175,3,6
Female,Pakistan,21-25,Bachelors,Enginnering,to boost my skill set,Unemplyed,O+,U-fone,Prepaid,Apna Laptop,Yes,>3 years ago,C++,No,Yes,Urbun,0,23,58,163,8,4
Female,Pakistan,21-25,Masters,Software Eng.,to boost my skill set,Student,A-,U-fone,Prepaid,Apna Laptop,Yes,>3 years ago,Javascript,No,Yes,Rural,1,24,63,168,3,6
Male,Pakistan,21-25,Bachelors,Enginnering,to boost my skill set,Employed,O+,Telenor,Prepaid,Apna Laptop,No,>3 years ago,Python,No,Yes,Urbun,1,25,62,184,1,2
Male,Pakistan,16-20,Pre-Bachelors,Natural Sciences,to boost my skill set,Student,B+,Mobilink,Prepaid,Apna Laptop,No,<3 years ago,Python,No,Yes,Rural,1,20,64,166,3,4
Male,Pakistan,21-25,Masters,Natural Sciences,to boost my skill set,Student,AB+,Telenor,Prepaid,Apna Laptop,No,In this chilla,Python,No,Yes,Rural,0,0,68,177,1,22
Male,Pakistan,21-25,Pre-Bachelors,CS/IT,to boost my skill set,Student,AB-,Zong,Prepaid,Apna Laptop,Yes,>3 years ago,Python,No,Yes,Rural,0,22,69,165,2,1
Male,Pakistan,26-30,Bachelors,Biology,to boost my skill set,Student,O+,Mobilink,Prepaid,Apna Laptop,Yes,In this chilla,Python,No,Yes,Urbun,2,26,69,165,2,1
Male,Pakistan,26-30,Masters,Software Eng.,to boost my skill set,Employed,O+,U-fone,Prepaid,Apna Laptop,No,>3 years ago,Python,No,Yes,Urbun,4,27,64,182,6,0
Male,Pakistan,16-20,Pre-Bachelors,CS/IT,to boost my skill set,Student,O+,Telenor,Prepaid,Apna Laptop,No,<3 years ago,Python,No,No,Urbun,0,18,67,174,3,0
Female,Pakistan,21-25,Bachelors,Enginnering,to boost my skill set,Unemplyed,AB+,U-fone,Prepaid,Apna Laptop,No,In this chilla,Python,No,Yes,Urbun,1,24,43,152,3,8
Male,Pakistan,21-25,Bachelors,Others,to boost my skill set,Employed,O+,Mobilink,Prepaid,Apna Laptop,Yes,<3 years ago,Python,No,Yes,Rural,0,25,75,167,4,5
Male,Pakistan,16-20,Bachelors,CS/IT,to boost my skill set,Student,O+,Mobilink,Prepaid,Apna Laptop,Yes,<3 years ago,Python,No,Yes,Urbun,2,19,50,180,3,0
Male,Pakistan,26-30,Masters,CS/IT,to boost my skill set,Employed,O+,Mobilink,Prepaid,Apna Laptop,No,>3 years ago,Python,No,Yes,Urbun,8,30,88,178,5,3
Female,Pakistan,21-25,Bachelors,Natural Sciences,to boost my skill set,Student,O+,Mobilink,Prepaid,Apna Laptop,Yes,In this chilla,Python,No,Yes,Urbun,0,22,40,156,5,3
Male,Pakistan,31-35,Bachelors,Enginnering,to boost my skill set,Employed,B+,U-fone,Prepaid,Apna Laptop,No,In this chilla,Python,Yes,Yes,Urbun,8,32,72,170,2,4
Male,Pakistan,31-35,Masters,Enginnering,Switch my field of study,Employed,A+,U-fone,Prepaid,Apna Laptop,No,<3 years ago,Python,No,Yes,Urbun,8,31,98,178,2,0
Male,Pakistan,26-30,Bachelors,CS/IT,to boost my skill set,Employed,B+,Mobilink,Prepaid,Apna Laptop,No,>3 years ago,Python,Yes,Yes,Urbun,4,28,79,178,0,0
Male,Pakistan,26-30,Masters,Biology,to boost my skill set,Student,O+,Telenor,Prepaid,Apna Laptop,No,>3 years ago,Python,No,Yes,Rural,5,27,56,177,1,0
Male,West,26-30,Masters,Natural Sciences,to boost my skill set,Student,A+,International,Prepaid,Apna Laptop,No,<3 years ago,Python,No,No,Urbun,1,28,69,175,5,0
Male,Pakistan,31-35,Masters,Enginnering,to boost my skill set,Employed,A+,Mobilink,Prepaid,Desktop,Yes,In this chilla,C++,Yes,Yes,Urbun,5,32,88,180,2,0
Male,Pakistan,21-25,Bachelors,CS/IT,Switch my field of study,Student,B+,U-fone,Prepaid,Apna Laptop,Yes,>3 years ago,Python,No,Yes,Urbun,0,25,84,174,1,4
Male,Pakistan,26-30,Masters,Enginnering,Switch my field of study,Student,O+,U-fone,Postpaid,Desktop,Yes,In this chilla,Python,No,Yes,Urbun,2,26,83,160,5,0
Male,Pakistan,41-45,Masters,Natural Sciences,Abhi tak pata nahi,Employed,O+,Mobilink,Prepaid,Apna Laptop,No,<3 years ago,Python,Yes,Yes,Urbun,2,40,84,176,1,3
Male,Pakistan,41-45,Masters,Natural Sciences,to boost my skill set,Employed,O+,Mobilink,Postpaid,Apna Laptop,Yes,In this chilla,Others,Yes,Yes,Urbun,17,42,90,179,1,20
Male,West,26-30,Masters,Natural Sciences,to boost my skill set,Student,B+,International,Postpaid,Apna Laptop,No,<3 years ago,Python,Yes,Yes,Urbun,3,29,78,172,2,0
Male,Pakistan,21-25,Bachelors,CS/IT,to boost my skill set,Unemplyed,AB+,Mobilink,Prepaid,Apna Laptop,No,In this chilla,Python,No,Yes,Rural,0,90,90,150,4,5
Male,Pakistan,21-25,Bachelors,Enginnering,to boost my skill set,Unemplyed,O+,Telenor,Prepaid,Apna Laptop,Yes,>3 years ago,C++,No,Yes,Urbun,2,23,68,170,2,0
Male,Pakistan,21-25,Pre-Bachelors,Software Eng.,to boost my skill set,Student,A-,Zong,Prepaid,Apna Laptop,Yes,>3 years ago,Javascript,No,Yes,Urbun,0,21,72,171,6,4
Male,Pakistan,21-25,Bachelors,Enginnering,to boost my skill set,Student,O+,International,Prepaid,Apna Laptop,Yes,<3 years ago,Python,No,Yes,Urbun,1,25,76,176,1,0
Male,Pakistan,16-20,Pre-Bachelors,Enginnering,Switch my field of study,Employed,A+,Mobilink,Prepaid,Desktop,No,In this chilla,Python,No,Yes,Urbun,0,20,48,155,2,0
Male,Pakistan,26-30,Bachelors,CS/IT,to boost my skill set,Employed,B+,Zong,Prepaid,Apna Laptop,No,>3 years ago,Python,No,Yes,Urbun,4,26,76,170,4,3
Female,Pakistan,21-25,Masters,Biology,to boost my skill set,Student,AB+,Mobilink,Prepaid,Apna Laptop,Yes,In this chilla,Python,No,Yes,Urbun,2,24,73,168,5,5
Female,Pakistan,41-45,Masters,Enginnering,to boost my skill set,Employed,B+,Mobilink,Prepaid,Apna Laptop,Yes,>3 years ago,C++,Yes,Yes,Rural,4,43,70,162,1,4
Female,Pakistan,21-25,Bachelors,Enginnering,to boost my skill set,Employed,O+,Mobilink,Prepaid,Apna Laptop,Yes,In this chilla,Python,No,Yes,Urbun,3,24,48,152,4,12
Male,Pakistan,21-25,Bachelors,Enginnering,to boost my skill set,Student,A+,Telenor,Prepaid,Apna Laptop,No,>3 years ago,Python,No,Yes,Urbun,2,22,67,172,3,12
Male,Pakistan,26-30,Bachelors,Enginnering,to boost my skill set,Unemplyed,B+,Zong,Prepaid,Apna Laptop,No,>3 years ago,Python,No,Yes,Urbun,2,27,54,165,1,8
Male,Pakistan,21-25,Bachelors,Enginnering,Switch my field of study,Student,B+,U-fone,Prepaid,Apna Laptop,No,In this chilla,Python,No,Yes,Rural,1,24,61,180,2,0
Male,East,26-30,PhD,Business/Economics,to boost my skill set,Student,A+,International,Prepaid,Desktop,Yes,In this chilla,Python,Yes,Yes,Urbun,4,27,105,173,2,0
Female,Pakistan,26-30,Masters,Enginnering,to boost my skill set,Unemplyed,B+,Telenor,Prepaid,Apna Laptop,Yes,In this chilla,Javascript,No,Yes,Rural,1,26,55,154,3,5
Male,Pakistan,26-30,Masters,Enginnering,to boost my skill set,Student,O-,Mobilink,Postpaid,Apna Laptop,No,>3 years ago,Python,Yes,Yes,Urbun,7,29,74,169,3,1
Male,Pakistan,26-30,Masters,Biology,to boost my skill set,Student,A+,U-fone,Prepaid,Apna Laptop,Yes,In this chilla,Python,No,Yes,Urbun,3,26,107,178,2,0
Male,Pakistan,41-45,Masters,Natural Sciences,to boost my skill set,Employed,B+,U-fone,Prepaid,Kisi ka laptop,No,>3 years ago,Others,Yes,Yes,Rural,13,41,97,164,4,1
Male,Pakistan,36-40,PhD,Enginnering,to boost my skill set,Unemplyed,O+,Mobilink,Prepaid,Apna Laptop,Yes,>3 years ago,Python,Yes,Yes,Rural,10,37,77,168,2,2
Male,Pakistan,26-30,Masters,Mathematics,Switch my field of study,Student,B+,Mobilink,Prepaid,Apna Laptop,No,>3 years ago,Python,Yes,Yes,Rural,4,30,80,170,2,1
Male,Pakistan,26-30,Masters,Enginnering,to boost my skill set,Employed,B+,Zong,Prepaid,Apna Laptop,Yes,<3 years ago,Python,No,Yes,Rural,5,29,80,180,3,0
Male,Pakistan,26-30,Bachelors,Enginnering,Switch my field of study,Employed,AB+,Mobilink,Prepaid,Apna Laptop,No,>3 years ago,Python,No,Yes,Urbun,1,29,74,183,2,3
Male,Pakistan,36-40,Pre-Bachelors,Others,Abhi tak pata nahi,Unemplyed,O+,Mobilink,Prepaid,Desktop,Yes,In this chilla,Python,Yes,No,Urbun,0,20,75,168,0,0
Male,Pakistan,26-30,Masters,Natural Sciences,Switch my field of study,Unemplyed,B+,Zong,Postpaid,Apna Laptop,No,In this chilla,Python,Yes,Yes,Urbun,1,29,76,155,2,1
Male,West,41-45,Masters,CS/IT,to boost my skill set,Employed,B+,International,Prepaid,Apna Laptop,Yes,>3 years ago,Others,Yes,Yes,Urbun,20,43,83,183,1,0
Male,Pakistan,41-45,Masters,CS/IT,to boost my skill set,Employed,B+,Mobilink,Prepaid,Apna Laptop,Yes,<3 years ago,Python,Yes,Yes,Urbun,21,44,71,176,1,3
Female,Pakistan,26-30,Masters,Others,Switch my field of study,Student,B+,Telenor,Prepaid,Apna Laptop,No,In this chilla,Python,No,Yes,Rural,0,27,56,168,3,4
Male,Pakistan,21-25,Bachelors,CS/IT,to boost my skill set,Student,B+,Mobilink,Prepaid,Apna Laptop,No,>3 years ago,Python,No,Yes,Rural,0,25,86,174,3,2
Female,Pakistan,21-25,Bachelors,Software Eng.,to boost my skill set,Unemplyed,AB+,Telenor,Prepaid,Apna Laptop,No,>3 years ago,Python,No,Yes,Rural,0,23,41,165,2,2
Male,Pakistan,26-30,Bachelors,Enginnering,to boost my skill set,Unemplyed,B+,Mobilink,Prepaid,Kisi ka laptop,Yes,>3 years ago,Python,No,Yes,Urbun,1,30,61,169,5,1
Male,Pakistan,21-25,Pre-Bachelors,Enginnering,Awen,Student,O+,Mobilink,Prepaid,Apna Laptop,No,<3 years ago,C++,No,Yes,Urbun,0,21,59,164,1,2
Male,Pakistan,26-30,Masters,Enginnering,to boost my skill set,Employed,O+,Telenor,Prepaid,Apna Laptop,No,<3 years ago,Python,Yes,Yes,Rural,1,26,76,183,2,3
Male,Pakistan,26-30,Masters,Enginnering,to boost my skill set,Student,AB+,Zong,Prepaid,Apna Laptop,No,In this chilla,Python,No,Yes,Urbun,1,27,62,168,4,5
Male,Pakistan,36-40,Masters,CS/IT,to boost my skill set,Employed,O+,U-fone,Prepaid,Apna Laptop,Yes,In this chilla,Python,Yes,Yes,Urbun,0,39,54,155,3,5
Male,Pakistan,31-35,PhD,Natural Sciences,to boost my skill set,Unemplyed,O+,Mobilink,Prepaid,Apna Laptop,No,In this chilla,Python,No,Yes,Urbun,2,30,90,155,4,2
Male,Pakistan,31-35,Bachelors,CS/IT,to boost my skill set,Employed,AB-,Zong,Prepaid,Apna Laptop,No,<3 years ago,Python,No,Yes,Urbun,2,2,70,154,1,0
Male,West,16-20,Pre-Bachelors,Mathematics,to boost my skill set,Student,O+,Zong,Prepaid,Apna Laptop,No,In this chilla,Python,No,Yes,Rural,0,19,55,168,8,8
Female,East,26-30,Masters,Business/Economics,Switch my field of study,Student,B-,International,Prepaid,Apna Laptop,Yes,In this chilla,Python,No,Yes,Urbun,2,30,57,165,4,0
Male,Pakistan,26-30,Masters,CS/IT,to boost my skill set,Unemplyed,B-,Mobilink,Prepaid,Apna Laptop,No,In this chilla,Python,No,Yes,Urbun,0,29,69,150,5,0
Female,Pakistan,26-30,Masters,Biology,to boost my skill set,Student,AB+,Mobilink,Prepaid,Apna Laptop,Yes,In this chilla,Python,No,Yes,Urbun,6,29,57,171,4,0
Female,Pakistan,26-30,Masters,Mathematics,to boost my skill set,Student,A+,Telenor,Prepaid,Apna Laptop,No,<3 years ago,Python,No,Yes,Urbun,2,29,50,174,1,0
Male,West,21-25,Bachelors,Enginnering,to boost my skill set,Student,B+,International,Prepaid,Apna Laptop,No,>3 years ago,Python,No,Yes,Urbun,2,25,52,172,7,24
Male,Pakistan,31-35,Bachelors,CS/IT,Switch my field of study,Student,O+,Telenor,Prepaid,Apna Laptop,No,<3 years ago,Python,Yes,Yes,Rural,0,22,60,164,3,2
Male,Pakistan,26-30,PhD,Mathematics,Switch my field of study,Student,B+,Zong,Prepaid,Apna Laptop,Yes,>3 years ago,Python,Yes,Yes,Urbun,4,27,65,174,5,7
Male,Pakistan,21-25,Masters,Biology,to boost my skill set,Unemplyed,B+,Telenor,Prepaid,Apna Laptop,Yes,In this chilla,Python,No,Yes,Urbun,2,24,54,164,1,3
Male,Pakistan,21-25,Bachelors,Enginnering,Switch my field of study,Student,A+,Zong,Prepaid,Apna Laptop,No,In this chilla,Python,No,Yes,Urbun,0,24,65,170,2,1
Male,Pakistan,26-30,Bachelors,Enginnering,to boost my skill set,Employed,O+,Mobilink,Prepaid,Apna Laptop,No,>3 years ago,Python,No,Yes,Rural,2,26,68,161,2,18
Male,Pakistan,21-25,Masters,Enginnering,to boost my skill set,Unemplyed,O+,Mobilink,Prepaid,Apna Laptop,Yes,<3 years ago,Python,No,Yes,Rural,1,25,68,168,3,0
Male,Pakistan,31-35,PhD,Others,to boost my skill set,Employed,B+,Zong,Prepaid,Apna Laptop,No,In this chilla,Python,Yes,Yes,Urbun,6,31,72,162,1,8
Male,Pakistan,46-60,Bachelors,CS/IT,to boost my skill set,Unemplyed,O+,Mobilink,Prepaid,Apna Laptop,No,<3 years ago,Python,Yes,No,Urbun,20,51,71,170,4,0
Female,Pakistan,26-30,Masters,Enginnering,Switch my field of study,Employed,AB+,U-fone,Prepaid,Apna Laptop,Yes,<3 years ago,Python,No,Yes,Urbun,5,28,46,163,2,2
Male,West,31-35,Masters,Business/Economics,to boost my skill set,Employed,O+,International,Postpaid,Apna Laptop,No,<3 years ago,Python,Yes,Yes,Urbun,9,34,82,177,3,0
Female,West,26-30,Masters,Others,Switch my field of study,Unemplyed,A+,Zong,Prepaid,Kisi ka laptop,No,In this chilla,Others,Yes,Yes,Urbun,0,27,57,160,4,0
Male,Pakistan,31-35,Masters,Enginnering,to boost my skill set,Unemplyed,A-,U-fone,Prepaid,Apna Laptop,Yes,<3 years ago,R,Yes,Yes,Rural,5,33,102,179,1,8
Male,Pakistan,21-25,Masters,CS/IT,to boost my skill set,Employed,A+,Mobilink,Prepaid,Apna Laptop,No,>3 years ago,Python,No,Yes,Urbun,0,23,95,176,5,1
Male,Pakistan,26-30,Masters,Enginnering,to boost my skill set,Employed,B+,Mobilink,Postpaid,Apna Laptop,Yes,<3 years ago,Python,Yes,Yes,Urbun,5,26,87,186,1,1
Female,Pakistan,31-35,PhD,Biology,to boost my skill set,Unemplyed,B+,U-fone,Prepaid,Apna Laptop,No,In this chilla,Python,No,Yes,Urbun,1,31,66,168,4,3
Female,Pakistan,21-25,Bachelors,Natural Sciences,to boost my skill set,Unemplyed,A+,Telenor,Prepaid,Apna Laptop,No,In this chilla,Python,No,No,Urbun,0,23,62,174,8,6
Female,Pakistan,21-25,Bachelors,Biology,Switch my field of study,Student,A+,Zong,Prepaid,Apna Laptop,Yes,In this chilla,Python,No,Yes,Urbun,2,25,43,155,4,3
Male,Pakistan,26-30,Masters,Enginnering,to boost my skill set,Student,B+,U-fone,Postpaid,Apna Laptop,No,In this chilla,Python,No,Yes,Rural,2,27,64,176,4,4
Female,Pakistan,26-30,Bachelors,Software Eng.,to boost my skill set,Student,B+,Zong,Prepaid,Apna Laptop,Yes,>3 years ago,Python,No,Yes,Urbun,3,28,61,168,3,6
Male,Pakistan,21-25,Pre-Bachelors,CS/IT,to boost my skill set,Student,B+,Mobilink,Prepaid,Desktop,Yes,<3 years ago,Python,No,Yes,Urbun,0,21,50,164,1,0
Male,Pakistan,26-30,Masters,Software Eng.,to boost my skill set,Employed,A+,Zong,Prepaid,Apna Laptop,No,>3 years ago,Python,Yes,Yes,Urbun,1,28,75,170,2,1
Male,Pakistan,26-30,Masters,Natural Sciences,to boost my skill set,Unemplyed,B+,Mobilink,Prepaid,Apna Laptop,Yes,<3 years ago,Python,No,Yes,Urbun,2,25,67,171,2,2
Male,Pakistan,21-25,Pre-Bachelors,Enginnering,Abhi tak pata nahi,Student,B+,Telenor,Prepaid,Apna Laptop,No,In this chilla,Python,No,Yes,Urbun,0,21,69,174,3,0
Male,Pakistan,21-25,Bachelors,Natural Sciences,to boost my skill set,Student,B+,Zong,Prepaid,Desktop,Yes,<3 years ago,Python,No,No,Rural,1,22,60,174,2,2
Male,West,31-35,Masters,Enginnering,Switch my field of study,Student,B+,International,Postpaid,Apna Laptop,No,<3 years ago,Python,No,Yes,Urbun,6,31,72,167,2,0
Male,Pakistan,31-35,Masters,Natural Sciences,Abhi tak pata nahi,Student,B-,Zong,Prepaid,Apna Laptop,No,In this chilla,Julia,No,Yes,Rural,6,32,74,173,6,23
Male,India,21-25,Masters,CS/IT,Switch my field of study,Student,O+,Mobilink,Prepaid,Apna Laptop,No,In this chilla,Python,No,Yes,Rural,0,24,55,168,5,1
Male,Pakistan,26-30,Masters,Enginnering,to boost my skill set,Employed,O+,Telenor,Prepaid,Apna Laptop,Yes,In this chilla,R,Yes,Yes,Rural,7,28,70,178,4,3
Male,Pakistan,26-30,Bachelors,CS/IT,to boost my skill set,Student,A+,Mobilink,Prepaid,Desktop,No,>3 years ago,Python,No,Yes,Rural,0,27,72,171,5,2
Male,West,26-30,Bachelors,Enginnering,Switch my field of study,Student,B+,International,Prepaid,Apna Laptop,No,<3 years ago,Python,No,Yes,Urbun,3,28,70,180,1,0
Female,Pakistan,21-25,Masters,Biology,to boost my skill set,Student,A-,Telenor,Prepaid,Desktop,No,In this chilla,Python,No,No,Urbun,1,25,48,168,5,5
Male,Pakistan,26-30,Masters,Natural Sciences,to boost my skill set,Employed,O-,Zong,Prepaid,Apna Laptop,Yes,>3 years ago,Python,No,Yes,Urbun,1,26,105,186,1,0
Male,Pakistan,31-35,Bachelors,CS/IT,Switch my field of study,Employed,O+,U-fone,Prepaid,Apna Laptop,Yes,>3 years ago,Python,Yes,Yes,Urbun,8,33,78,174,2,2
Male,Pakistan,26-30,Masters,Biology,to boost my skill set,Student,A+,Zong,Prepaid,Apna Laptop,No,In this chilla,Python,No,Yes,Urbun,2,30,70,184,6,0
Male,Pakistan,21-25,Bachelors,Enginnering,to boost my skill set,Student,AB+,Mobilink,Prepaid,Apna Laptop,Yes,>3 years ago,Python,No,No,Rural,1,24,66,178,1,0
Male,Pakistan,26-30,Bachelors,Software Eng.,to boost my skill set,Employed,O+,Zong,Prepaid,Apna Laptop,No,>3 years ago,Python,No,Yes,Rural,4,26,68,170,3,2
Male,Pakistan,21-25,Bachelors,CS/IT,to boost my skill set,Student,A+,U-fone,Prepaid,Apna Laptop,No,<3 years ago,Python,No,Yes,Urbun,0,22,60,176,1,4
Female,Pakistan,21-25,Bachelors,Software Eng.,Switch my field of study,Unemplyed,B+,Zong,Prepaid,Apna Laptop,Yes,>3 years ago,Python,No,Yes,Urbun,0,25,48,150,2,0
Male,Pakistan,31-35,Masters,Enginnering,to boost my skill set,Student,B+,Zong,Prepaid,Apna Laptop,Yes,>3 years ago,Python,No,Yes,Rural,7,33,85,174,2,0
Male,Pakistan,16-20,Pre-Bachelors,CS/IT,to boost my skill set,Student,B+,Telenor,Prepaid,Apna Laptop,Yes,In this chilla,Python,No,Yes,Rural,0,19,76,146,4,9
Male,East,26-30,Bachelors,Natural Sciences,to boost my skill set,Student,B+,International,Prepaid,Apna Laptop,No,<3 years ago,Python,No,Yes,Urbun,5,26,90,165,5,0
Male,Pakistan,26-30,Masters,CS/IT,Switch my field of study,Student,A-,Mobilink,Prepaid,Apna Laptop,No,>3 years ago,Others,No,Yes,Urbun,3,26,57,175,1,2
Male,Pakistan,26-30,Bachelors,Enginnering,Switch my field of study,Unemplyed,O+,Zong,Prepaid,Apna Laptop,No,<3 years ago,Python,No,No,Rural,1,26,90,188,5,3
Male,West,31-35,Masters,CS/IT,to boost my skill set,Student,B+,International,Prepaid,Apna Laptop,No,>3 years ago,Python,Yes,Yes,Urbun,10,34,71,165,1,0
Male,Pakistan,31-35,Masters,Enginnering,to boost my skill set,Employed,B+,Mobilink,Prepaid,Apna Laptop,No,In this chilla,Python,No,Yes,Urbun,3,34,79,156,3,2
Male,Pakistan,21-25,Bachelors,Natural Sciences,to boost my skill set,Student,B+,Zong,Postpaid,Apna Laptop,Yes,>3 years ago,Python,No,Yes,Urbun,1,24,52,163,3,0
Female,Pakistan,21-25,Bachelors,CS/IT,to boost my skill set,Student,AB+,Telenor,Postpaid,Apna Laptop,Yes,<3 years ago,Python,No,Yes,Rural,0,22,55,170,3,1
Male,Pakistan,16-20,Bachelors,Natural Sciences,to boost my skill set,Student,O+,Mobilink,Postpaid,Apna Laptop,No,<3 years ago,C++,No,Yes,Urbun,0,19,74,174,1,2
Male,West,31-35,Bachelors,Natural Sciences,Switch my field of study,Student,AB+,International,Prepaid,Apna Laptop,No,<3 years ago,Python,Yes,Yes,Urbun,1,33,68,168,1,0
Male,West,31-35,PhD,Enginnering,to boost my skill set,Student,B+,International,Prepaid,Apna Laptop,No,<3 years ago,Python,Yes,Yes,Urbun,2,31,72,169,1,0
Male,Pakistan,16-20,Pre-Bachelors,CS/IT,Switch my field of study,Student,A+,Mobilink,Prepaid,Kisi ka laptop,No,In this chilla,Python,No,Yes,Rural,0,22,64,156,3,2
Male,Pakistan,21-25,Pre-Bachelors,CS/IT,to boost my skill set,Student,O+,Telenor,Prepaid,Apna Laptop,No,>3 years ago,Python,No,Yes,Urbun,1,22,68,174,3,1
Male,Pakistan,26-30,Masters,Enginnering,to boost my skill set,Student,O+,U-fone,Prepaid,Apna Laptop,Yes,<3 years ago,Python,Yes,Yes,Urbun,5,30,82,164,9,0
Female,Pakistan,21-25,Bachelors,Enginnering,to boost my skill set,Student,A+,Mobilink,Prepaid,Apna Laptop,No,In this chilla,Python,No,Yes,Rural,0,20,50,168,1,8
Male,Pakistan,21-25,Bachelors,CS/IT,to boost my skill set,Student,AB+,Mobilink,Prepaid,Apna Laptop,Yes,>3 years ago,Python,No,Yes,Rural,0,23,53,165,1,0
Male,Pakistan,26-30,Masters,Business/Economics,to boost my skill set,Unemplyed,B+,Telenor,Prepaid,Apna Laptop,No,In this chilla,Python,No,Yes,Rural,3,30,55,162,5,5
Female,Pakistan,31-35,Masters,Natural Sciences,to boost my skill set,Unemplyed,B+,U-fone,Postpaid,Apna Laptop,Yes,In this chilla,Python,No,Yes,Urbun,1,29,45,167,5,5
Male,Pakistan,31-35,PhD,Enginnering,to boost my skill set,Employed,B-,Telenor,Prepaid,Apna Laptop,No,In this chilla,Python,Yes,Yes,Urbun,4,31,83,180,3,0
Male,Pakistan,16-20,Pre-Bachelors,CS/IT,to boost my skill set,Student,A+,Telenor,Postpaid,Apna Laptop,Yes,In this chilla,C++,No,Yes,Urbun,0,20,67,165,1,1
Male,Pakistan,21-25,Bachelors,CS/IT,to boost my skill set,Student,B+,Mobilink,Prepaid,Apna Laptop,Yes,<3 years ago,Python,No,Yes,Urbun,0,23,60,145,2,0
Female,Pakistan,21-25,Bachelors,Natural Sciences,to boost my skill set,Student,A+,Zong,Prepaid,Apna Laptop,No,In this chilla,Python,No,Yes,Urbun,0,21,59,154,4,0
Male,Pakistan,36-40,Masters,Others,to boost my skill set,Employed,B+,U-fone,Prepaid,Apna Laptop,No,>3 years ago,C#,Yes,Yes,Rural,4,38,70,137,1,9
Male,Pakistan,21-25,Bachelors,Enginnering,Switch my field of study,Unemplyed,O+,Telenor,Prepaid,Apna Laptop,No,In this chilla,Python,No,Yes,Urbun,1,25,75,188,2,5
Male,Pakistan,26-30,Masters,Enginnering,to boost my skill set,Employed,B-,U-fone,Prepaid,Kisi ka laptop,Yes,>3 years ago,Python,No,Yes,Rural,3,30,79,171,2,6
Male,Pakistan,26-30,Bachelors,CS/IT,to boost my skill set,Student,A-,Mobilink,Prepaid,Apna Laptop,No,>3 years ago,SQL,No,Yes,Rural,1,26,65,175,5,1
Male,West,26-30,Bachelors,Enginnering,Switch my field of study,Unemplyed,B+,International,Prepaid,Apna Laptop,No,>3 years ago,Python,No,Yes,Urbun,6,28,161,173,3,0
Female,East,26-30,Bachelors,Software Eng.,to boost my skill set,Unemplyed,O+,International,Prepaid,Apna Laptop,No,>3 years ago,Others,Yes,Yes,Urbun,2,29,70,164,3,8
Male,Pakistan,26-30,Bachelors,CS/IT,to boost my skill set,Student,B+,Telenor,Prepaid,Apna Laptop,No,>3 years ago,Python,No,Yes,Rural,4,28,73,169,2,6
Male,West,31-35,Masters,Natural Sciences,Switch my field of study,Employed,B+,International,Prepaid,Kisi ka laptop,No,In this chilla,Python,Yes,Yes,Urbun,1,31,58,168,2,1
Male,Pakistan,36-40,Masters,Natural Sciences,to boost my skill set,Unemplyed,B+,U-fone,Prepaid,Apna Laptop,No,In this chilla,Python,Yes,Yes,Rural,2,40,80,168,3,3
Male,Pakistan,26-30,Masters,Mathematics,to boost my skill set,Employed,O+,Mobilink,Prepaid,Apna Laptop,No,>3 years ago,Python,No,Yes,Urbun,1,30,65,167,1,0
Male,Pakistan,26-30,PhD,Biology,to boost my skill set,Student,B+,Mobilink,Prepaid,Apna Laptop,Yes,In this chilla,Python,No,Yes,Rural,3,28,69,173,3,8
Male,Pakistan,31-35,Masters,Biology,Switch my field of study,Student,O+,Zong,Postpaid,Apna Laptop,No,In this chilla,Python,No,Yes,Urbun,3,31,70,161,1,2
Male,Pakistan,21-25,Bachelors,Enginnering,to boost my skill set,Student,A+,Telenor,Prepaid,Apna Laptop,No,<3 years ago,Python,No,Yes,Urbun,1,23,65,170,3,2
Male,Pakistan,26-30,Masters,Biology,to boost my skill set,Student,O+,Telenor,Prepaid,Apna Laptop,No,<3 years ago,Python,Yes,Yes,Rural,7,29,66,173,4,0
Male,Pakistan,21-25,Pre-Bachelors,CS/IT,Switch my field of study,Student,B-,Mobilink,Prepaid,Apna Laptop,Yes,>3 years ago,Python,No,Yes,Urbun,1,23,85,163,2,5
Male,Pakistan,21-25,Pre-Bachelors,Software Eng.,to boost my skill set,Student,A+,Telenor,Prepaid,Apna Laptop,Yes,<3 years ago,Python,No,Yes,Rural,0,24,50,170,5,5
Male,Pakistan,21-25,Bachelors,Business/Economics,to boost my skill set,Unemplyed,B+,Mobilink,Prepaid,Apna Laptop,Yes,In this chilla,Python,Yes,Yes,Urbun,1,25,135,186,2,0
Male,Pakistan,21-25,Pre-Bachelors,Enginnering,to boost my skill set,Employed,O+,Telenor,Prepaid,Desktop,No,>3 years ago,Python,No,Yes,Rural,0,23,75,168,2,1
Male,Pakistan,16-20,Pre-Bachelors,Others,to boost my skill set,Student,A+,Telenor,Prepaid,Apna Laptop,Yes,In this chilla,Python,No,Yes,Urbun,1,20,68,182,3,3
Male,Pakistan,26-30,Masters,Natural Sciences,Switch my field of study,Employed,B+,Mobilink,Prepaid,Apna Laptop,No,<3 years ago,Python,Yes,Yes,Urbun,1,30,75,173,1,2
Female,Pakistan,26-30,Masters,Software Eng.,to boost my skill set,Unemplyed,A+,Zong,Prepaid,Apna Laptop,No,>3 years ago,Python,No,Yes,Rural,2,26,69,165,4,1
Male,Pakistan,16-20,Pre-Bachelors,CS/IT,to boost my skill set,Student,AB+,Telenor,Prepaid,Kisi ka laptop,Yes,In this chilla,Python,No,Yes,Urbun,0,19,52,160,3,8
Male,Pakistan,21-25,Bachelors,Biology,Switch my field of study,Employed,B+,Mobilink,Prepaid,Desktop,No,In this chilla,Python,No,Yes,Urbun,1,24,100,156,3,0
Male,Pakistan,21-25,Masters,Natural Sciences,to boost my skill set,Student,A+,Mobilink,Prepaid,Apna Laptop,Yes,<3 years ago,Python,No,Yes,Urbun,1,25,60,171,3,2
Male,Pakistan,21-25,Bachelors,Enginnering,Switch my field of study,Employed,O+,U-fone,Prepaid,Apna Laptop,Yes,In this chilla,Python,No,Yes,Urbun,1,24,68,174,3,3
Male,Pakistan,26-30,Bachelors,Enginnering,to boost my skill set,Student,AB+,U-fone,Prepaid,Apna Laptop,Yes,>3 years ago,Python,No,Yes,Urbun,0,29,65,164,1,2
Male,Pakistan,26-30,Masters,Natural Sciences,to boost my skill set,Student,O+,Mobilink,Prepaid,Apna Laptop,Yes,In this chilla,Python,Yes,Yes,Urbun,3,27,70,178,2,5
Male,Pakistan,21-25,Bachelors,CS/IT,to boost my skill set,Student,A+,Mobilink,Prepaid,Apna Laptop,Yes,>3 years ago,Python,No,Yes,Urbun,2,23,60,171,2,1
Female,Pakistan,21-25,Bachelors,CS/IT,to boost my skill set,Student,B+,Zong,Prepaid,Apna Laptop,Yes,In this chilla,Python,No,Yes,Urbun,0,25,57,146,4,1
Male,Pakistan,26-30,Bachelors,Software Eng.,Switch my field of study,Employed,O+,Zong,Prepaid,Kisi ka laptop,No,>3 years ago,Python,No,Yes,Urbun,2,26,66,165,3,2
Male,Pakistan,26-30,Bachelors,Biology,Switch my field of study,Employed,B+,Telenor,Prepaid,Apna Laptop,No,<3 years ago,Python,No,Yes,Urbun,3,26,74,178,3,5
Male,Pakistan,31-35,Masters,Biology,Switch my field of study,Student,A+,Mobilink,Prepaid,Apna Laptop,No,In this chilla,Python,Yes,Yes,Rural,8,33,63,175,1,5
Male,Pakistan,26-30,Bachelors,Enginnering,to boost my skill set,Employed,B+,U-fone,Prepaid,Apna Laptop,No,>3 years ago,Python,Yes,Yes,Rural,4,30,80,180,5,3
Male,Pakistan,21-25,Bachelors,CS/IT,to boost my skill set,Student,B+,Mobilink,Prepaid,Apna Laptop,No,<3 years ago,C#,No,Yes,Urbun,1,23,71,161,1,1
Female,Pakistan,26-30,Masters,Natural Sciences,to boost my skill set,Student,AB+,Zong,Prepaid,Apna Laptop,Yes,In this chilla,Python,Yes,Yes,Urbun,6,29,65,168,3,5
Male,Pakistan,31-35,Masters,Enginnering,to boost my skill set,Student,B+,Zong,Prepaid,Apna Laptop,Yes,>3 years ago,Python,No,Yes,Urbun,7,33,85,174,2,0
Male,Pakistan,21-25,Pre-Bachelors,CS/IT,to boost my skill set,Student,A+,Mobilink,Prepaid,Apna Laptop,No,In this chilla,Python,No,Yes,Rural,0,21,60,146,3,2
Male,West,31-35,Masters,Enginnering,to boost my skill set,Employed,B+,International,Postpaid,Apna Laptop,Yes,In this chilla,Python,Yes,Yes,Urbun,8,35,84,173,3,0
Female,Pakistan,26-30,Masters,Business/Economics,to boost my skill set,Employed,AB+,Zong,Prepaid,Apna Laptop,No,In this chilla,Python,No,Yes,Urbun,4,27,47,171,2,2
Male,Pakistan,21-25,Bachelors,Enginnering,to boost my skill set,Employed,B+,Zong,Prepaid,Apna Laptop,No,In this chilla,Python,No,Yes,Rural,1,24,57,177,3,16
Male,Pakistan,26-30,Masters,Software Eng.,to boost my skill set,Unemplyed,B+,Zong,Prepaid,Apna Laptop,No,>3 years ago,Python,No,Yes,Rural,1,27,110,172,2,16
Male,Pakistan,26-30,Bachelors,CS/IT,to boost my skill set,Employed,O+,Telenor,Prepaid,Apna Laptop,No,>3 years ago,Python,No,Yes,Urbun,1,28,64,168,3,2
Male,Pakistan,31-35,Masters,Natural Sciences,Switch my field of study,Student,A+,U-fone,Prepaid,Apna Laptop,Yes,<3 years ago,Python,Yes,Yes,Rural,8,34,88,174,5,20
Male,Pakistan,21-25,Masters,Natural Sciences,Switch my field of study,Unemplyed,O+,U-fone,Prepaid,Kisi ka laptop,No,In this chilla,Python,No,Yes,Rural,1,22,68,175,1,3
Male,West,26-30,Masters,CS/IT,to boost my skill set,Unemplyed,AB+,International,Prepaid,Apna Laptop,No,>3 years ago,Python,No,Yes,Urbun,1,26,65,183,3,0
Male,Pakistan,21-25,Masters,Business/Economics,Switch my field of study,Unemplyed,B+,Mobilink,Postpaid,Kisi ka laptop,No,In this chilla,Python,No,Yes,Rural,1,25,61,146,3,5
Male,Pakistan,21-25,Pre-Bachelors,Enginnering,to boost my skill set,Student,B+,Zong,Prepaid,Kisi ka laptop,No,In this chilla,Others,No,Yes,Rural,0,23,55,146,1,8
Male,Pakistan,16-20,Pre-Bachelors,CS/IT,to boost my skill set,Student,B+,Mobilink,Prepaid,Apna Laptop,No,<3 years ago,Python,No,Yes,Urbun,0,20,53,176,2,4
Female,Pakistan,21-25,Bachelors,CS/IT,to boost my skill set,Unemplyed,AB+,Zong,Prepaid,Apna Laptop,No,>3 years ago,Python,No,Yes,Urbun,1,23,50,152,4,6
Male,Pakistan,21-25,Masters,Others,to boost my skill set,Student,A+,Zong,Prepaid,Apna Laptop,No,In this chilla,Python,No,Yes,Urbun,1,22,70,167,5,3
Male,Pakistan,21-25,Pre-Bachelors,CS/IT,to boost my skill set,Student,O+,U-fone,Prepaid,Apna Laptop,No,<3 years ago,Python,No,Yes,Rural,0,22,48,166,2,4
Female,West,Jan-15,Pre-Bachelors,Others,to boost my skill set,Student,B+,International,Postpaid,Apna Laptop,No,In this chilla,Python,No,Yes,Urbun,0,14,31,150,10,0
Male,Pakistan,31-35,Bachelors,Business/Economics,Switch my field of study,Employed,A+,U-fone,Prepaid,Apna Laptop,Yes,In this chilla,Python,Yes,No,Urbun,8,32,85,147,3,0
Male,Pakistan,31-35,PhD,Biology,to boost my skill set,Employed,B+,U-fone,Prepaid,Apna Laptop,Yes,In this chilla,R,Yes,Yes,Urbun,7,32,79,183,3,2
Male,Pakistan,26-30,Bachelors,CS/IT,to boost my skill set,Unemplyed,B+,Mobilink,Prepaid,Kisi ka laptop,No,<3 years ago,Python,No,Yes,Urbun,6,29,66,155,4,2
Male,Pakistan,26-30,Masters,Software Eng.,to boost my skill set,Employed,AB+,Mobilink,Prepaid,Apna Laptop,Yes,>3 years ago,Python,No,Yes,Rural,1,28,84,208,1,1
Male,Pakistan,21-25,Bachelors,Enginnering,to boost my skill set,Student,B+,U-fone,Prepaid,Apna Laptop,No,In this chilla,Python,Yes,Yes,Urbun,0,24,56,160,3,2
Female,Pakistan,31-35,Masters,Biology,to boost my skill set,Unemplyed,O+,U-fone,Prepaid,Apna Laptop,No,<3 years ago,Python,Yes,Yes,Urbun,1,30,40,158,6,0
Female,Pakistan,31-35,Masters,CS/IT,to boost my skill set,Employed,B+,Mobilink,Prepaid,Kisi ka laptop,No,>3 years ago,Python,Yes,Yes,Urbun,13,31,77,139,3,1
Male,Pakistan,31-35,Masters,Natural Sciences,to boost my skill set,Employed,B+,Telenor,Prepaid,Apna Laptop,No,I don't know how to code,Python,Yes,Yes,Rural,10,35,80,173,2,0
Male,Pakistan,36-40,Masters,CS/IT,to boost my skill set,Employed,AB+,Mobilink,Prepaid,Apna Laptop,No,>3 years ago,Python,Yes,Yes,Urbun,6,35,79,171,3,2
Male,Pakistan,21-25,Masters,Natural Sciences,Switch my field of study,Unemplyed,O-,Zong,Prepaid,Desktop,No,In this chilla,Python,No,Yes,Urbun,1,23,58,172,3,2
Female,Pakistan,21-25,Pre-Bachelors,Others,to boost my skill set,Student,O+,Mobilink,Prepaid,Apna Laptop,No,In this chilla,Python,No,Yes,Urbun,0,22,48,152,5,60
Male,Pakistan,21-25,Bachelors,CS/IT,to boost my skill set,Student,O+,Telenor,Prepaid,Apna Laptop,No,<3 years ago,Python,No,Yes,Rural,0,20,53,175,1,12
Female,Pakistan,21-25,Bachelors,CS/IT,Abhi tak pata nahi,Unemplyed,B+,U-fone,Prepaid,Apna Laptop,Yes,>3 years ago,Python,No,No,Urbun,0,25,42,155,1,0
Male,Pakistan,31-35,Masters,CS/IT,to boost my skill set,Employed,A+,Mobilink,Prepaid,Apna Laptop,Yes,In this chilla,Python,Yes,Yes,Rural,3,31,90,174,5,72
Female,Pakistan,46-60,Masters,Others,Awen,Employed,B+,U-fone,Prepaid,Apna Laptop,Yes,In this chilla,Python,Yes,Yes,Rural,10,46,90,158,5,1
Female,Pakistan,26-30,Masters,Enginnering,to boost my skill set,Employed,A+,Zong,Prepaid,Apna Laptop,Yes,<3 years ago,Python,No,Yes,Urbun,5,30,55,165,4,1
Male,Pakistan,21-25,Bachelors,CS/IT,to boost my skill set,Student,A+,Mobilink,Prepaid,Apna Laptop,No,In this chilla,Python,No,Yes,Rural,1,21,52,173,4,5
Female,Pakistan,21-25,Pre-Bachelors,Others,to boost my skill set,Student,AB+,Zong,Prepaid,Apna Laptop,Yes,In this chilla,Python,No,Yes,Urbun,0,21,48,170,1,0
Male,Pakistan,31-35,PhD,Biology,to boost my skill set,Unemplyed,B-,Telenor,Prepaid,Apna Laptop,Yes,In this chilla,Python,Yes,Yes,Urbun,8,31,85,171,2,16
Male,Pakistan,21-25,Bachelors,Statistics,to boost my skill set,Student,A+,Zong,Prepaid,Apna Laptop,No,In this chilla,Python,No,Yes,Rural,0,23,60,180,4,1
Male,Pakistan,31-35,Masters,Enginnering,to boost my skill set,Student,AB-,U-fone,Prepaid,Apna Laptop,No,In this chilla,Python,Yes,Yes,Urbun,5,32,73,174,3,5
Female,West,16-20,Pre-Bachelors,CS/IT,to boost my skill set,Student,B+,International,Prepaid,Apna Laptop,Yes,I don't know how to code,Python,No,Yes,Urbun,0,16,60,170,11,0
Male,Pakistan,21-25,Bachelors,CS/IT,to boost my skill set,Student,A+,Telenor,Prepaid,Apna Laptop,No,<3 years ago,Python,No,Yes,Rural,0,22,58,160,3,3
Male,Pakistan,46-60,PhD,Enginnering,to boost my skill set,Employed,O+,Mobilink,Prepaid,Apna Laptop,Yes,>3 years ago,Others,Yes,Yes,Urbun,40,68,68,170,0,1
Female,West,26-30,Masters,Enginnering,to boost my skill set,Employed,AB+,International,Prepaid,Apna Laptop,No,>3 years ago,Javascript,No,Yes,Urbun,3,28,65,165,3,0
Female,Pakistan,21-25,Bachelors,CS/IT,to boost my skill set,Unemplyed,A+,U-fone,Postpaid,Apna Laptop,No,<3 years ago,Others,No,Yes,Urbun,0,25,46,160,2,8
Male,East,36-40,Masters,Enginnering,to boost my skill set,Student,O+,International,Prepaid,Desktop,Yes,In this chilla,Others,Yes,Yes,Urbun,4,36,79,163,3,0
Female,Pakistan,26-30,PhD,Natural Sciences,to boost my skill set,Employed,B+,U-fone,Prepaid,Apna Laptop,No,In this chilla,Python,No,Yes,Urbun,2,29,54,162,3,0
Male,Pakistan,21-25,Bachelors,Business/Economics,to boost my skill set,Employed,B+,Telenor,Prepaid,Apna Laptop,Yes,In this chilla,Others,No,Yes,Urbun,3,25,114,180,1,0
Female,Pakistan,21-25,Pre-Bachelors,CS/IT,to boost my skill set,Student,A+,Mobilink,Prepaid,Kisi ka laptop,No,In this chilla,Python,No,Yes,Urbun,0,21,92,165,3,2
Male,Pakistan,21-25,Pre-Bachelors,Enginnering,Switch my field of study,Student,A-,Mobilink,Postpaid,Apna Laptop,No,>3 years ago,Python,No,Yes,Rural,0,21,72,175,0,8
Male,Pakistan,31-35,Masters,Others,Abhi tak pata nahi,Unemplyed,B+,Zong,Prepaid,Apna Laptop,No,In this chilla,Python,Yes,Yes,Rural,0,0,51,155,3,2
Male,West,Jan-15,Pre-Bachelors,CS/IT,to boost my skill set,Student,A+,International,Prepaid,Apna Laptop,Yes,<3 years ago,Python,No,No,Urbun,2,11,45,137,18,0
Male,Pakistan,31-35,Masters,Biology,to boost my skill set,Employed,A+,U-fone,Prepaid,Apna Laptop,Yes,In this chilla,Python,Yes,Yes,Urbun,6,31,58,170,2,0
Male,Pakistan,41-45,Masters,CS/IT,to boost my skill set,Employed,B+,Mobilink,Prepaid,Apna Laptop,No,>3 years ago,Python,Yes,Yes,Urbun,17,43,87,183,3,2
Male,Pakistan,21-25,Pre-Bachelors,CS/IT,Switch my field of study,Student,A+,Zong,Prepaid,Apna Laptop,No,In this chilla,Python,No,Yes,Rural,0,22,49,154,3,8
Male,Pakistan,21-25,Bachelors,Enginnering,to boost my skill set,Student,B-,U-fone,Prepaid,Apna Laptop,No,>3 years ago,Python,No,Yes,Urbun,0,25,64,170,1,2
Male,Pakistan,26-30,Masters,CS/IT,to boost my skill set,Employed,B+,Telenor,Prepaid,Desktop,Yes,>3 years ago,Javascript,No,Yes,Urbun,2,25,74,178,2,0
Male,Pakistan,31-35,Bachelors,Enginnering,to boost my skill set,Employed,B+,Zong,Prepaid,Kisi ka laptop,No,>3 years ago,Python,No,Yes,Rural,2,32,86,140,3,20
Male,Pakistan,21-25,Bachelors,Natural Sciences,to boost my skill set,Employed,AB+,Telenor,Prepaid,Apna Laptop,No,In this chilla,Python,No,Yes,Rural,3,24,65,160,3,2
Male,Pakistan,26-30,Masters,CS/IT,to boost my skill set,Employed,O+,Mobilink,Postpaid,Apna Laptop,Yes,<3 years ago,Python,No,Yes,Urbun,1,25,82,156,3,1
Female,Pakistan,31-35,Masters,Biology,to boost my skill set,Student,A+,Telenor,Prepaid,Apna Laptop,No,>3 years ago,Python,No,Yes,Urbun,4,35,47,158,17,2
Female,Pakistan,26-30,Masters,Mathematics,to boost my skill set,Student,A+,Telenor,Prepaid,Apna Laptop,No,<3 years ago,Python,No,Yes,Urbun,2,29,50,174,2,0
Male,Pakistan,41-45,Masters,Others,to boost my skill set,Employed,B+,U-fone,Prepaid,Apna Laptop,Yes,In this chilla,Python,Yes,Yes,Urbun,2,42,70,144,3,1
Female,Pakistan,26-30,Masters,Statistics,to boost my skill set,Student,O+,Zong,Prepaid,Desktop,No,In this chilla,Python,No,Yes,Rural,2,26,45,171,2,3
Female,Pakistan,31-35,Masters,Business/Economics,to boost my skill set,Student,B+,Mobilink,Prepaid,Apna Laptop,Yes,In this chilla,Python,No,Yes,Urbun,1,34,48,172,3,6
Female,West,21-25,Bachelors,Natural Sciences,Switch my field of study,Student,O+,International,Prepaid,Apna Laptop,No,In this chilla,Python,No,Yes,Urbun,0,24,55,170,4,0
Female,Pakistan,31-35,Bachelors,CS/IT,to boost my skill set,Unemplyed,A+,Zong,Prepaid,Apna Laptop,No,>3 years ago,Python,No,No,Urbun,5,32,55,164,5,2
Female,Pakistan,26-30,Masters,Business/Economics,Abhi tak pata nahi,Employed,A+,Mobilink,Prepaid,Apna Laptop,No,I don't know how to code,Python,No,Yes,Rural,1,26,72,161,2,5
Male,India,26-30,Masters,Natural Sciences,to boost my skill set,Student,B+,International,Prepaid,Apna Laptop,No,In this chilla,Python,No,Yes,Rural,4,30,61,168,5,0
Male,Pakistan,31-35,Masters,CS/IT,to boost my skill set,Employed,AB+,Telenor,Prepaid,Desktop,No,<3 years ago,Python,Yes,Yes,Rural,3,32,55,179,2,0
Female,Pakistan,26-30,Masters,CS/IT,to boost my skill set,Unemplyed,O+,Zong,Prepaid,Apna Laptop,No,>3 years ago,Python,No,Yes,Urbun,1,27,58,168,4,2
Female,Pakistan,26-30,Masters,Biology,to boost my skill set,Unemplyed,O+,Mobilink,Prepaid,Apna Laptop,No,In this chilla,Python,Yes,Yes,Urbun,3,26,89,162,4,2
Male,Pakistan,31-35,PhD,Natural Sciences,to boost my skill set,Student,B-,U-fone,Prepaid,Apna Laptop,No,In this chilla,Python,No,Yes,Urbun,2,31,65,172,2,4
Female,Pakistan,26-30,Bachelors,CS/IT,to boost my skill set,Unemplyed,B+,U-fone,Prepaid,Apna Laptop,No,>3 years ago,Others,No,Yes,Urbun,6,28,46,160,6,8
Female,Pakistan,26-30,Masters,Natural Sciences,to boost my skill set,Unemplyed,O-,U-fone,Postpaid,Apna Laptop,No,In this chilla,Python,No,Yes,Urbun,0,26,46,170,4,0
Male,Pakistan,36-40,Masters,CS/IT,to boost my skill set,Student,A+,U-fone,Prepaid,Apna Laptop,No,In this chilla,Python,Yes,Yes,Rural,0,37,69,170,3,36
Female,Pakistan,26-30,Masters,Natural Sciences,to boost my skill set,Student,O-,U-fone,Prepaid,Apna Laptop,Yes,<3 years ago,Python,No,Yes,Urbun,3,26,58,163,7,2
Male,Pakistan,26-30,Masters,Natural Sciences,to boost my skill set,Student,AB+,U-fone,Prepaid,Apna Laptop,No,I don't know how to code,Python,No,Yes,Rural,2,27,67,165,1,0
Male,Pakistan,26-30,Masters,Enginnering,to boost my skill set,Student,B+,Zong,Postpaid,Apna Laptop,No,<3 years ago,Python,No,Yes,Urbun,5,29,92,175,2,5
Male,Pakistan,31-35,Masters,CS/IT,to boost my skill set,Employed,A+,Mobilink,Prepaid,Apna Laptop,Yes,In this chilla,Python,Yes,Yes,Rural,3,31,90,147,5,72
Female,West,31-35,PhD,CS/IT,to boost my skill set,Unemplyed,B+,International,Prepaid,Apna Laptop,Yes,In this chilla,Python,Yes,Yes,Urbun,5,37,65,160,3,6
Male,Pakistan,21-25,Bachelors,CS/IT,to boost my skill set,Student,AB+,Zong,Postpaid,Apna Laptop,No,<3 years ago,Python,No,No,Urbun,2,22,32,162,3,0
Male,Pakistan,26-30,Masters,Natural Sciences,to boost my skill set,Employed,A+,Telenor,Postpaid,Apna Laptop,Yes,In this chilla,Python,Yes,Yes,Urbun,5,26,66,164,3,5
Male,Pakistan,21-25,Bachelors,Natural Sciences,Abhi tak pata nahi,Student,B+,Mobilink,Postpaid,Apna Laptop,No,In this chilla,Python,No,Yes,Rural,2,21,67,167,6,0
Female,Pakistan,21-25,Pre-Bachelors,Business/Economics,Switch my field of study,Student,B+,Zong,Prepaid,Apna Laptop,Yes,In this chilla,Python,Yes,Yes,Urbun,0,22,64,160,3,0
Male,Pakistan,31-35,Masters,Others,Switch my field of study,Unemplyed,O+,Mobilink,Prepaid,Kisi ka laptop,No,In this chilla,Python,Yes,Yes,Rural,1,32,58,170,2,3
Male,West,31-35,Masters,Enginnering,to boost my skill set,Employed,B+,International,Prepaid,Apna Laptop,No,>3 years ago,C++,No,Yes,Urbun,11,10,80,182,1,0
Male,Pakistan,26-30,Masters,Natural Sciences,to boost my skill set,Student,B+,Zong,Prepaid,Apna Laptop,No,In this chilla,Python,Yes,Yes,Urbun,1,27,92,171,3,6
Male,Pakistan,31-35,PhD,Biology,Switch my field of study,Unemplyed,B+,Telenor,Prepaid,Apna Laptop,Yes,>3 years ago,Python,Yes,Yes,Rural,3,25,80,165,3,18
Male,Pakistan,26-30,Bachelors,Enginnering,Switch my field of study,Employed,AB+,Zong,Prepaid,Apna Laptop,No,>3 years ago,Python,No,Yes,Rural,0,25,65,171,4,10
Male,West,26-30,PhD,Natural Sciences,to boost my skill set,Employed,B+,International,Prepaid,Apna Laptop,No,In this chilla,Python,No,Yes,Urbun,5,29,65,175,4,0
Male,West,21-25,Masters,CS/IT,to boost my skill set,Student,O+,International,Postpaid,Apna Laptop,Yes,>3 years ago,Python,No,Yes,Urbun,1,25,75,165,3,0
Male,Pakistan,36-40,Bachelors,CS/IT,to boost my skill set,Employed,A+,Zong,Prepaid,Apna Laptop,No,>3 years ago,Python,Yes,Yes,Urbun,11,40,86,180,1,3
Male,Pakistan,41-45,Masters,Software Eng.,to boost my skill set,Employed,B+,Mobilink,Prepaid,Apna Laptop,Yes,<3 years ago,C#,Yes,Yes,Urbun,15,42,75,170,16,1
Male,Pakistan,21-25,Bachelors,Enginnering,to boost my skill set,Student,B+,Mobilink,Prepaid,Apna Laptop,No,<3 years ago,Python,No,Yes,Urbun,0,22,70,155,1,0
Male,East,16-20,Pre-Bachelors,Business/Economics,Switch my field of study,Student,B+,International,Prepaid,Desktop,No,I don't know how to code,Python,No,No,Urbun,0,20,64,178,3,12
Male,Pakistan,26-30,Bachelors,CS/IT,to boost my skill set,Student,B+,Telenor,Prepaid,Apna Laptop,No,>3 years ago,Python,Yes,Yes,Rural,0,26,64,168,0,8
Male,Pakistan,21-25,Bachelors,CS/IT,to boost my skill set,Student,A+,Mobilink,Prepaid,Apna Laptop,No,In this chilla,Python,No,Yes,Rural,1,21,52,173,3,5
Male,Pakistan,31-35,PhD,Natural Sciences,to boost my skill set,Employed,B+,U-fone,Prepaid,Apna Laptop,Yes,In this chilla,Python,Yes,Yes,Rural,2,32,86,168,2,0
Male,Pakistan,21-25,Masters,Mathematics,to boost my skill set,Student,O+,Zong,Prepaid,Apna Laptop,No,In this chilla,Python,No,Yes,Rural,2,26,76,174,5,6
Male,Pakistan,21-25,Pre-Bachelors,CS/IT,to boost my skill set,Student,A+,Mobilink,Prepaid,Apna Laptop,No,In this chilla,Python,No,Yes,Rural,0,21,60,165,3,1
Male,Pakistan,26-30,Bachelors,Enginnering,to boost my skill set,Employed,AB+,U-fone,Prepaid,Apna Laptop,No,<3 years ago,C#,No,Yes,Urbun,3,26,68,186,1,0
Female,Pakistan,31-35,Masters,Business/Economics,to boost my skill set,Unemplyed,O+,U-fone,Prepaid,Apna Laptop,Yes,In this chilla,Python,Yes,Yes,Urbun,0,33,80,158,1,2
Male,Pakistan,26-30,Bachelors,Enginnering,Switch my field of study,Employed,B+,U-fone,Prepaid,Apna Laptop,Yes,>3 years ago,Python,No,Yes,Urbun,5,27,61,183,2,1
Female,Pakistan,16-20,Pre-Bachelors,Business/Economics,to boost my skill set,Student,A+,Zong,Prepaid,Kisi ka laptop,No,In this chilla,Python,No,Yes,Rural,0,19,60,158,3,12
Male,Pakistan,31-35,Masters,Enginnering,Switch my field of study,Employed,A+,Zong,Prepaid,Apna Laptop,Yes,In this chilla,Python,Yes,Yes,Urbun,7,31,61,172,1,3
Male,Pakistan,31-35,Masters,CS/IT,Switch my field of study,Employed,O+,Mobilink,Prepaid,Apna Laptop,Yes,>3 years ago,C#,No,Yes,Urbun,5,35,78,174,4,3
Male,Pakistan,26-30,Masters,Biology,to boost my skill set,Student,AB+,Mobilink,Prepaid,Apna Laptop,Yes,In this chilla,Python,No,Yes,Urbun,0,29,90,180,3,3
Female,Pakistan,26-30,Bachelors,Business/Economics,to boost my skill set,Unemplyed,B+,Zong,Prepaid,Kisi ka laptop,Yes,In this chilla,Python,No,Yes,Rural,1,30,56,134,3,4
Male,Pakistan,26-30,Masters,Biology,to boost my skill set,Student,B+,Telenor,Prepaid,Apna Laptop,No,In this chilla,Python,No,Yes,Rural,2,28,70,175,3,6
Male,Pakistan,31-35,Bachelors,Enginnering,to boost my skill set,Employed,B+,U-fone,Prepaid,Apna Laptop,No,In this chilla,Python,Yes,Yes,Urbun,8,32,72,170,2,4
Male,Pakistan,16-20,Pre-Bachelors,CS/IT,to boost my skill set,Student,B+,Zong,Prepaid,Desktop,Yes,<3 years ago,Python,No,Yes,Urbun,0,20,71,168,2,8
Male,Pakistan,26-30,Bachelors,Enginnering,Abhi tak pata nahi,Student,A+,Telenor,Prepaid,Apna Laptop,No,In this chilla,Python,No,Yes,Urbun,0,24,54,140,3,18
Male,Pakistan,26-30,Bachelors,CS/IT,to boost my skill set,Unemplyed,B+,Mobilink,Prepaid,Kisi ka laptop,No,>3 years ago,Python,No,Yes,Urbun,6,29,66,178,4,0
Male,Pakistan,36-40,Masters,CS/IT,Switch my field of study,Employed,O+,Mobilink,Prepaid,Apna Laptop,No,<3 years ago,C#,Yes,Yes,Urbun,5,38,84,150,1,0
Male,West,31-35,Masters,Natural Sciences,to boost my skill set,Student,A+,International,Postpaid,Apna Laptop,No,<3 years ago,Python,Yes,Yes,Urbun,0,31,63,184,3,0
Male,Pakistan,26-30,Bachelors,Enginnering,to boost my skill set,Unemplyed,A+,Telenor,Prepaid,Apna Laptop,No,<3 years ago,Python,No,Yes,Rural,3,26,69,178,2,0
Male,Pakistan,36-40,Bachelors,Enginnering,Switch my field of study,Employed,B+,U-fone,Prepaid,Kisi ka laptop,No,In this chilla,Python,Yes,Yes,Urbun,8,36,69,183,1,3
Male,Pakistan,26-30,Bachelors,CS/IT,to boost my skill set,Employed,A+,Mobilink,Prepaid,Apna Laptop,No,<3 years ago,SQL,No,Yes,Urbun,3,27,78,173,1,4
Female,Pakistan,21-25,Bachelors,CS/IT,to boost my skill set,Unemplyed,A+,Mobilink,Prepaid,Apna Laptop,No,>3 years ago,C++,No,Yes,Urbun,0,23,50,150,4,3
Male,Pakistan,26-30,Bachelors,Natural Sciences,to boost my skill set,Student,O+,Mobilink,Prepaid,Apna Laptop,No,In this chilla,Python,No,Yes,Rural,2,26,50,174,3,1
Male,Pakistan,31-35,Masters,CS/IT,to boost my skill set,Employed,AB+,Telenor,Prepaid,Desktop,No,<3 years ago,Python,Yes,Yes,Rural,3,32,55,178,1,5
Male,Pakistan,16-20,Pre-Bachelors,Natural Sciences,to boost my skill set,Student,B+,Mobilink,Prepaid,Apna Laptop,No,<3 years ago,Python,No,Yes,Rural,0,20,64,166,3,4
Male,Pakistan,26-30,Bachelors,Business/Economics,Switch my field of study,Unemplyed,B+,U-fone,Prepaid,Apna Laptop,No,In this chilla,Python,No,Yes,Rural,2,27,67,156,3,5
Male,Pakistan,31-35,Bachelors,Business/Economics,Switch my field of study,Employed,A+,U-fone,Prepaid,Apna Laptop,Yes,In this chilla,Python,Yes,No,Urbun,7,32,85,147,3,0
Male,Pakistan,26-30,Bachelors,CS/IT,to boost my skill set,Unemplyed,B+,Mobilink,Prepaid,Kisi ka laptop,No,>3 years ago,Python,No,Yes,Urbun,6,29,67,178,5,0
Male,Pakistan,21-25,Masters,Enginnering,to boost my skill set,Student,B+,Zong,Prepaid,Apna Laptop,Yes,<3 years ago,Python,No,Yes,Rural,4,25,75,178,1,2
Male,Pakistan,26-30,Bachelors,CS/IT,to boost my skill set,Unemplyed,B+,Zong,Prepaid,Apna Laptop,No,In this chilla,Javascript,No,Yes,Urbun,1,28,70,144,5,15
Female,East,26-30,Bachelors,Software Eng.,to boost my skill set,Unemplyed,O+,International,Prepaid,Apna Laptop,Yes,>3 years ago,Javascript,Yes,Yes,Urbun,2,29,82,144,2,7
Male,West,26-30,Masters,Enginnering,to boost my skill set,Student,B+,International,Prepaid,Apna Laptop,No,>3 years ago,Python,No,Yes,Urbun,2,28,85,178,4,0
Female,Pakistan,21-25,Masters,Others,Switch my field of study,Unemplyed,B+,U-fone,Prepaid,Kisi ka laptop,No,In this chilla,Python,No,Yes,Urbun,0,22,48,160,3,6
Male,Pakistan,21-25,Bachelors,Enginnering,to boost my skill set,Unemplyed,A+,Zong,Prepaid,Apna Laptop,Yes,In this chilla,Python,No,Yes,Urbun,0,24,60,175,2,0
Male,Pakistan,26-30,Masters,Mathematics,to boost my skill set,Student,B+,Telenor,Postpaid,Apna Laptop,No,>3 years ago,Python,Yes,Yes,Urbun,1,30,76,168,10,4
Male,Pakistan,21-25,Bachelors,CS/IT,to boost my skill set,Employed,AB-,Mobilink,Prepaid,Apna Laptop,No,<3 years ago,Python,No,Yes,Rural,2,24,70,178,3,1
Male,Pakistan,26-30,Masters,Enginnering,to boost my skill set,Employed,O+,Telenor,Prepaid,Apna Laptop,Yes,In this chilla,R,Yes,Yes,Rural,7,28,71,179,4,3
Male,Pakistan,31-35,Bachelors,Enginnering,to boost my skill set,Employed,A+,Zong,Postpaid,Apna Laptop,Yes,>3 years ago,Python,Yes,Yes,Urbun,5,33,83,173,1,1
Male,Pakistan,21-25,Bachelors,CS/IT,to boost my skill set,Employed,O+,Mobilink,Prepaid,Apna Laptop,No,>3 years ago,Python,No,Yes,Urbun,0,22,60,168,0,0
Male,Pakistan,26-30,Masters,Enginnering,to boost my skill set,Employed,B-,Mobilink,Prepaid,Apna Laptop,No,<3 years ago,Python,No,No,Urbun,2,29,86,180,2,1
Female,Pakistan,31-35,Masters,Mathematics,Switch my field of study,Unemplyed,B+,Telenor,Prepaid,Apna Laptop,Yes,In this chilla,Python,Yes,Yes,Urbun,3,31,55,162,3,0
